[{
  "_id": {
    "$oid": "65c70d2c44e636b7a0db61b7"
  },
  "user": {
    "$oid": "65bdcd75900bf545fff965ce"
  },
  "shippingInfo": {
    "firstName": "Sejal",
    "lastName": "Bhawsar",
    "address": "Khargone",
    "city": "Khargone",
    "state": "Madhya Pradesh",
    "other": "dfgdfg",
    "pincode": 451001
  },
  "orderItems": [
    {
      "product": {
        "$oid": "65ba129e0e5c5a451cb0262f"
      },
      "color": {
        "$oid": "65c70d0944e636b7a0db619a"
      },
      "quantity": 1,
      "price": 155,
      "_id": {
        "$oid": "65c70d2c44e636b7a0db61b8"
      }
    }
  ],
  "paidAt": {
    "$date": "2024-02-10T05:05:59.558Z"
  },
  "totalPrice": 155,
  "totalPriceAfterDiscount": 155,
  "orderStatus": "Ordered",
  "createdAt": {
    "$date": "2024-02-10T05:44:12.391Z"
  },
  "updatedAt": {
    "$date": "2024-02-10T05:44:12.391Z"
  },
  "__v": 0
},
{
  "_id": {
    "$oid": "65d08e74e365195fed28ba22"
  },
  "user": {
    "$oid": "65bdcd75900bf545fff965ce"
  },
  "shippingInfo": {
    "firstName": "Sejal",
    "lastName": "Bhawsar",
    "address": "Bhopal",
    "city": "Khargone",
    "state": "Madhya Pradesh",
    "other": "abc",
    "pincode": 451001
  },
  "orderItems": [
    {
      "product": {
        "$oid": "65ba129e0e5c5a451cb0262f"
      },
      "color": {
        "$oid": "65cf4c0be7d04092735b2bed"
      },
      "quantity": 1,
      "price": 155,
      "_id": {
        "$oid": "65d08e74e365195fed28ba23"
      }
    },
    {
      "product": {
        "$oid": "65ba129e0e5c5a451cb0262f"
      },
      "color": {
        "$oid": "65d08e54e365195fed28ba1a"
      },
      "quantity": 1,
      "price": 155,
      "_id": {
        "$oid": "65d08e74e365195fed28ba24"
      }
    }
  ],
  "paidAt": {
    "$date": "2024-02-17T06:17:16.160Z"
  },
  "totalPrice": 310,
  "totalPriceAfterDiscount": 310,
  "orderStatus": "Ordered",
  "createdAt": {
    "$date": "2024-02-17T10:46:12.468Z"
  },
  "updatedAt": {
    "$date": "2024-02-17T10:46:12.468Z"
  },
  "__v": 0
},
{
  "_id": {
    "$oid": "65d307e03f9ac58d0af139be"
  },
  "user": {
    "$oid": "65d2e8b847b9f63bd76239c1"
  },
  "shippingInfo": {
    "firstName": "sejal",
    "lastName": "Bhawsar",
    "address": "Khargone",
    "city": "Khargone",
    "state": "Madhya Pradesh",
    "other": "abc",
    "pincode": 451001
  },
  "orderItems": [
    {
      "product": {
        "$oid": "65ba11fc0e5c5a451cb02627"
      },
      "color": {
        "$oid": "65d307b73f9ac58d0af1395f"
      },
      "quantity": 1,
      "price": 355,
      "_id": {
        "$oid": "65d307e03f9ac58d0af139bf"
      }
    },
    {
      "product": {
        "$oid": "65ba129e0e5c5a451cb0262f"
      },
      "color": {
        "$oid": "65d307c93f9ac58d0af139b4"
      },
      "quantity": 1,
      "price": 155,
      "_id": {
        "$oid": "65d307e03f9ac58d0af139c0"
      }
    }
  ],
  "paidAt": {
    "$date": "2024-02-19T06:08:52.879Z"
  },
  "totalPrice": 510,
  "totalPriceAfterDiscount": 510,
  "orderStatus": "Ordered",
  "createdAt": {
    "$date": "2024-02-19T07:48:48.297Z"
  },
  "updatedAt": {
    "$date": "2024-02-19T07:48:48.297Z"
  },
  "__v": 0
},
{
  "_id": {
    "$oid": "65d4512eb1652dc6193c50ed"
  },
  "user": {
    "$oid": "65d44792a280d961f74e83c1"
  },
  "shippingInfo": {
    "firstName": "Sejal",
    "lastName": "Bhawsar",
    "address": "Khargone Mp",
    "city": "Khargone",
    "state": "Madhya Pradesh",
    "other": "abc",
    "pincode": 451001
  },
  "orderItems": [
    {
      "product": {
        "$oid": "65d45064b1652dc6193c503b"
      },
      "color": {
        "$oid": "65d45113b1652dc6193c50e5"
      },
      "quantity": 1,
      "price": 699,
      "_id": {
        "$oid": "65d4512eb1652dc6193c50ee"
      }
    }
  ],
  "paidAt": {
    "$date": "2024-02-20T06:57:58.062Z"
  },
  "totalPrice": 699,
  "totalPriceAfterDiscount": 699,
  "orderStatus": "Ordered",
  "createdAt": {
    "$date": "2024-02-20T07:13:50.118Z"
  },
  "updatedAt": {
    "$date": "2024-02-20T07:13:50.118Z"
  },
  "__v": 0
}]